{"top-1 err": 47.81, "top-5 err": 5.46, "train loss": 1.558332942199707, "validation loss": 1.345719774246216, "_timestamp": 1660807438, "_runtime": 33, "_step": 0, "_wandb": {"runtime": 34}}