{"top-1 err": 43.91, "top-5 err": 4.44, "train loss": 1.2734173747634887, "validation loss": 1.2002341901779174, "_timestamp": 1660806821, "_runtime": 53, "_step": 1, "_wandb": {"runtime": 54}}